-- phpMyAdmin SQL Dump
-- version 5.2.1
-- https://www.phpmyadmin.net/
--
-- Host: 127.0.0.1
-- Waktu pembuatan: 29 Nov 2025 pada 14.02
-- Versi server: 10.4.32-MariaDB
-- Versi PHP: 8.2.12

SET SQL_MODE = "NO_AUTO_VALUE_ON_ZERO";
START TRANSACTION;
SET time_zone = "+00:00";


/*!40101 SET @OLD_CHARACTER_SET_CLIENT=@@CHARACTER_SET_CLIENT */;
/*!40101 SET @OLD_CHARACTER_SET_RESULTS=@@CHARACTER_SET_RESULTS */;
/*!40101 SET @OLD_COLLATION_CONNECTION=@@COLLATION_CONNECTION */;
/*!40101 SET NAMES utf8mb4 */;

--
-- Database: `db_siak`
--

-- --------------------------------------------------------

--
-- Struktur dari tabel `dosen`
--

CREATE TABLE `dosen` (
  `dsnNidn` char(10) NOT NULL,
  `dsnJurId` smallint(6) DEFAULT NULL,
  `dsnProdiId` smallint(6) DEFAULT NULL,
  `dsnNama` varchar(50) NOT NULL DEFAULT '',
  `dsnJenisKelaminKode` enum('L','P') DEFAULT 'L',
  `dsnGelarDepan` varchar(50) DEFAULT NULL,
  `dsnGelarBelakang` varchar(50) DEFAULT NULL,
  `dsnFoto` varchar(50) DEFAULT NULL
) ENGINE=InnoDB DEFAULT CHARSET=latin1 COLLATE=latin1_swedish_ci;

--
-- Dumping data untuk tabel `dosen`
--

INSERT INTO `dosen` (`dsnNidn`, `dsnJurId`, `dsnProdiId`, `dsnNama`, `dsnJenisKelaminKode`, `dsnGelarDepan`, `dsnGelarBelakang`, `dsnFoto`) VALUES
('0006058102', 3, 13, 'Amelia Yolanda', 'P', '', 'ST., MT', '0006058102.jpg'),
('0006058302', 3, 13, 'Popy Maria', 'P', '', 'ST.,MT', '0006058302.jpg'),
('0007016802', 3, 13, 'Yustini', 'P', '', 'SST., MT', '0007016802.jpg'),
('0007039304', 3, 13, 'Ummul Khair', 'P', '', 'S.T., M.T', '0007039304.jpg'),
('0007047602', 3, 13, 'Ramiati', 'P', '', 'ST.,SST.,M.Kom', '0007047602.jpg'),
('0007087701', 3, 7, 'Dikky Chandra', 'L', '', 'ST.,MT', '0007087701.jpg'),
('0009046904', 3, 13, 'Aprinal Adila Asril', 'L', '', 'ST.,M.Kom', '0009046904.jpg'),
('0009067701', 3, 7, 'Silfia Rifka', 'P', '', 'SST, MT.', '0009067701.jpg'),
('0010049210', 3, 13, 'Sahid Ridho', 'L', '', 'S.T., M.T.', '0010049210.jpg'),
('0011097202', 3, 7, 'Andi Ahmad Dahlan', 'L', '', 'ST., M.Eng', '0011097202.jpg'),
('0012067402', 3, 13, 'Sri Yusnita', 'P', '', 'ST.,MT', '0012067402.jpg'),
('0014057908', 7, 17, 'Sabriandi Erdian', 'L', '', 'SS.,M.Hum', '0014057908.jpg'),
('0016046801', 3, 13, 'Sri Nita', 'P', 'Dra.', 'M.Pd', '0016046801.jpg'),
('0018069304', 3, 7, 'Deri Latika Herda', 'P', '', 'S.T., M.T.', '0018069304.jpg'),
('0019107605', 3, 7, 'Rikki Vitria', 'L', 'Ir.', 'S.ST., M.Sc. Eng.', '0019107605.jpg'),
('0022027208', 3, 13, 'Lifwarda', 'P', '', 'ST., M.Kom', '0022027208.jpg'),
('0022057705', 3, 13, 'Firdaus', 'L', '', 'ST., MT', '0022057705.jpg'),
('0024096804', 3, 13, 'Uzma Septima', 'L', '', 'ST.,M.Eng', '0024096804.jpg'),
('0024127804', 3, 13, 'Firdaus', 'L', '', 'ST., MT', '0024127804.jpg'),
('0025016906', 3, 7, 'Zurnawita', 'P', '', 'ST.,MT', '0025016906.jpg'),
('0025117803', 3, 7, 'Ihsan Lumasa Rimra', 'L', '', 'SST.,M.Sc DECN', '0025117803.jpg'),
('0029046406', 3, 13, 'Afrizal Yuhanef', 'L', 'Dr.', 'ST.,M.Kom', '0029046406.jpg'),
('0029097604', 3, 13, 'Vera Veronica', 'P', '', 'ST.,MT', '0029097604.jpg'),
('0029107506', 3, 13, 'Ratna Dewi', 'P', '', 'SST., M.Kom', '0029107506.jpg'),
('0030046603', 3, 13, 'Yulindon', 'L', '', 'S.T., M.Kom.', '0030046603.jpg'),
('0030116506', 3, 13, 'Nasrul', 'L', 'Dr.', 'ST.,M.Kom', '0030116506.jpg'),
('0215039501', 3, 7, 'Muhammad Putra Pamungkas', 'L', '', 'S.T., M.T.', '0215039501.jpg'),
('1004038801', 3, 13, 'Siska Aulia', 'P', '', 'ST.,MT', '1004038801.jpg'),
('1301018802', 3, 7, 'Herry Setiawan', 'L', '', 'S.ST., MT', '1301018802.jpg');

-- --------------------------------------------------------

--
-- Struktur dari tabel `jurusan`
--

CREATE TABLE `jurusan` (
  `jurId` smallint(6) NOT NULL,
  `jurKode` varchar(20) DEFAULT NULL,
  `jurNama` varchar(100) NOT NULL DEFAULT '',
  `jurNamaAsing` varchar(100) DEFAULT NULL,
  `jurIsAktif` tinyint(4) DEFAULT 1
) ENGINE=InnoDB DEFAULT CHARSET=latin1 COLLATE=latin1_swedish_ci;

--
-- Dumping data untuk tabel `jurusan`
--

INSERT INTO `jurusan` (`jurId`, `jurKode`, `jurNama`, `jurNamaAsing`, `jurIsAktif`) VALUES
(1, 'ME', 'Teknik Mesin', 'Mechanical Engineering', 1),
(2, 'SP', 'Teknik Sipil', 'Civil Engineering', 1),
(3, 'EE', 'Teknik Elektro', 'Electrical Engineering', 1),
(4, 'AN', 'Administrasi Niaga', 'Business Administration', 1),
(5, 'AK', 'Akuntansi', 'Accounting', 1),
(6, 'TI', 'Teknologi Informasi', 'Information Technology', 1),
(7, 'BI', 'Bahasa Inggris', 'English', 1);

-- --------------------------------------------------------

--
-- Struktur dari tabel `kelas`
--

CREATE TABLE `kelas` (
  `klsId` int(11) NOT NULL,
  `klsThakdId` smallint(6) DEFAULT NULL,
  `klsProdiId` smallint(6) DEFAULT NULL,
  `klsNama` varchar(30) NOT NULL DEFAULT ''
) ENGINE=InnoDB DEFAULT CHARSET=latin1 COLLATE=latin1_swedish_ci;

--
-- Dumping data untuk tabel `kelas`
--

INSERT INTO `kelas` (`klsId`, `klsThakdId`, `klsProdiId`, `klsNama`) VALUES
(1, 20241, 7, 'III.A'),
(2, 20241, 7, 'III.B'),
(3, 20241, 7, 'III.C');

-- --------------------------------------------------------

--
-- Struktur dari tabel `kelas_dosen`
--

CREATE TABLE `kelas_dosen` (
  `klsdsnId` int(11) NOT NULL,
  `klsdsnKlsId` int(11) DEFAULT NULL,
  `klsdsnDsnNidn` char(10) DEFAULT NULL,
  `klsdsnMkId` int(11) NOT NULL DEFAULT 0,
  `klsdsnIsAktif` tinyint(4) NOT NULL DEFAULT 1 COMMENT '0=Non-Aktif, 1=Aktif'
) ENGINE=InnoDB DEFAULT CHARSET=latin1 COLLATE=latin1_swedish_ci;

--
-- Dumping data untuk tabel `kelas_dosen`
--

INSERT INTO `kelas_dosen` (`klsdsnId`, `klsdsnKlsId`, `klsdsnDsnNidn`, `klsdsnMkId`, `klsdsnIsAktif`) VALUES
(1, 1, '0014057908', 8, 1),
(2, 1, '0009067701', 9, 1),
(3, 1, '0007039304', 9, 1),
(4, 1, '0012067402', 10, 1),
(5, 1, '1004038801', 10, 1),
(6, 1, '0006058302', 11, 1),
(7, 1, '0011097202', 12, 1),
(8, 1, '0010049210', 13, 1),
(9, 1, '0029107506', 14, 1),
(10, 1, '0007047602', 14, 1),
(11, 1, '0030116506', 15, 1),
(12, 2, '0014057908', 8, 1),
(13, 2, '0009067701', 9, 1),
(14, 2, '0018069304', 9, 1),
(15, 2, '0029046406', 10, 1),
(16, 2, '0215039501', 10, 1),
(17, 2, '0006058302', 11, 1),
(18, 2, '0025117803', 12, 1),
(19, 2, '1301018802', 12, 1),
(20, 2, '0025016906', 13, 1),
(21, 2, '0011097202', 14, 1),
(22, 2, '1301018802', 14, 1),
(23, 2, '0030116506', 15, 1),
(24, 1, '1301018802', 12, 1),
(25, 3, '0014057908', 8, 1),
(26, 3, '0025016906', 9, 1),
(27, 3, '0006058302', 9, 1),
(28, 3, '0007087701', 10, 1),
(29, 3, '0025016906', 10, 1),
(30, 3, '0007087701', 11, 1),
(31, 3, '0011097202', 12, 1),
(32, 3, '0007039304', 12, 1),
(33, 3, '0010049210', 13, 1),
(34, 3, '0009067701', 14, 1),
(35, 3, '1301018802', 14, 1),
(36, 3, '0030046603', 15, 1);

-- --------------------------------------------------------

--
-- Struktur dari tabel `kelas_mahasiswa`
--

CREATE TABLE `kelas_mahasiswa` (
  `klsmhsId` int(11) NOT NULL,
  `klsmhsKlsId` int(11) DEFAULT NULL,
  `klsmhsMhsNim` varchar(10) DEFAULT NULL,
  `klsmhsIsAktif` tinyint(4) NOT NULL DEFAULT 1 COMMENT '1=Aktif, 2=Non-Aktif'
) ENGINE=InnoDB DEFAULT CHARSET=latin1 COLLATE=latin1_swedish_ci;

--
-- Dumping data untuk tabel `kelas_mahasiswa`
--

INSERT INTO `kelas_mahasiswa` (`klsmhsId`, `klsmhsKlsId`, `klsmhsMhsNim`, `klsmhsIsAktif`) VALUES
(1, 1, '2211071001', 1),
(2, 1, '2211071002', 1),
(3, 1, '2211071004', 1),
(4, 1, '2211071005', 1),
(5, 1, '2211071006', 1),
(6, 1, '2211071008', 1),
(7, 1, '2211071010', 1),
(8, 1, '2211072002', 1),
(9, 1, '2211072003', 1),
(10, 1, '2211072004', 1),
(11, 1, '2211072006', 1),
(12, 1, '2211072007', 1),
(13, 1, '2211072009', 1),
(14, 1, '2211072011', 1),
(15, 1, '2211073001', 1),
(16, 1, '2211073002', 1),
(17, 1, '2211073003', 1),
(18, 1, '2211073004', 1),
(19, 1, '2211073005', 1),
(20, 1, '2211073006', 1),
(21, 1, '2211073007', 1),
(22, 1, '2211073009', 1),
(23, 1, '2211073010', 1),
(24, 1, '2211073021', 1),
(25, 1, '2211072001', 1),
(26, 1, '2211071003', 1),
(27, 2, '2211071011', 1),
(28, 2, '2211071012', 1),
(29, 2, '2211071013', 1),
(30, 2, '2211071014', 1),
(31, 2, '2211071015', 1),
(32, 2, '2211071016', 1),
(33, 2, '2211072010', 1),
(34, 2, '2211072012', 1),
(35, 2, '2211072014', 1),
(36, 2, '2211072015', 1),
(37, 2, '2211072016', 1),
(38, 2, '2211072017', 1),
(39, 2, '2211072019', 1),
(40, 2, '2211072022', 1),
(41, 2, '2211073012', 1),
(42, 2, '2211073013', 1),
(43, 2, '2211073014', 1),
(44, 2, '2211073015', 1),
(45, 2, '2211073017', 1),
(46, 2, '2211073018', 1),
(47, 2, '2211073019', 1),
(48, 2, '2211073025', 1),
(49, 2, '2211073026', 1),
(50, 2, '2211073028', 1),
(51, 2, '2211073030', 1),
(52, 3, '2111071006', 1),
(53, 3, '2211071017', 1),
(54, 3, '2211071019', 1),
(55, 3, '2211071020', 1),
(56, 3, '2211071022', 1),
(57, 3, '2211071023', 1),
(58, 3, '2211072018', 1),
(59, 3, '2211072021', 1),
(60, 3, '2211072023', 1),
(61, 3, '2211072024', 1),
(62, 3, '2211072025', 1),
(63, 3, '2211072027', 1),
(64, 3, '2211072028', 1),
(65, 3, '2211072030', 1),
(66, 3, '2211073020', 1),
(67, 3, '2211073022', 1),
(68, 3, '2211073023', 1),
(69, 3, '2211073024', 1),
(70, 3, '2211073027', 1),
(71, 3, '2211073031', 1),
(72, 3, '2211073033', 1),
(73, 3, '2211073034', 1),
(74, 3, '2211073035', 1),
(75, 3, '2211071018', 1),
(76, 3, '2211073011', 1),
(77, 3, '2211071021', 1),
(78, 3, '2211073032', 1);

-- --------------------------------------------------------

--
-- Struktur dari tabel `kelas_matakuliah`
--

CREATE TABLE `kelas_matakuliah` (
  `klsmkId` int(11) NOT NULL,
  `klsmkKlsId` int(11) DEFAULT NULL,
  `klsmkMkId` int(11) NOT NULL DEFAULT 0
) ENGINE=InnoDB DEFAULT CHARSET=latin1 COLLATE=latin1_swedish_ci;

--
-- Dumping data untuk tabel `kelas_matakuliah`
--

INSERT INTO `kelas_matakuliah` (`klsmkId`, `klsmkKlsId`, `klsmkMkId`) VALUES
(1, 1, 8),
(2, 1, 9),
(3, 1, 10),
(4, 1, 11),
(5, 1, 12),
(6, 1, 13),
(7, 1, 14),
(8, 1, 15),
(9, 2, 8),
(10, 2, 9),
(11, 2, 10),
(12, 2, 11),
(13, 2, 12),
(14, 2, 13),
(15, 2, 14),
(16, 2, 15),
(17, 3, 8),
(18, 3, 9),
(19, 3, 10),
(20, 3, 11),
(21, 3, 12),
(22, 3, 13),
(23, 3, 14),
(24, 3, 15);

-- --------------------------------------------------------

--
-- Struktur dari tabel `krs`
--

CREATE TABLE `krs` (
  `krsId` int(11) NOT NULL,
  `krsThakdId` smallint(6) DEFAULT NULL,
  `krsMhsNim` varchar(10) DEFAULT NULL,
  `krsPADsnNidn` char(10) DEFAULT NULL,
  `krsTglTerdaftar` date DEFAULT NULL,
  `krsSemester` tinyint(4) NOT NULL DEFAULT 0,
  `krsStatusLulus` enum('L','LP','TL','DO','-') DEFAULT '-'
) ENGINE=InnoDB DEFAULT CHARSET=latin1 COLLATE=latin1_swedish_ci;

--
-- Dumping data untuk tabel `krs`
--

INSERT INTO `krs` (`krsId`, `krsThakdId`, `krsMhsNim`, `krsPADsnNidn`, `krsTglTerdaftar`, `krsSemester`, `krsStatusLulus`) VALUES
(1, 20241, '2211072002', '0022057705', '2024-08-09', 5, '-'),
(2, 20241, '2211073001', '0022057705', '2024-08-09', 5, '-'),
(3, 20241, '2211071001', '0022057705', '2024-08-09', 5, '-'),
(4, 20241, '2211071002', '0022057705', '2024-08-09', 5, '-'),
(5, 20241, '2211072011', '0022057705', '2024-08-09', 5, '-'),
(6, 20241, '2211071004', '0022057705', '2024-08-09', 5, '-'),
(7, 20241, '2211073021', '0022057705', '2024-08-12', 5, '-'),
(8, 20241, '2211073009', '0022057705', '2024-08-12', 5, '-'),
(9, 20241, '2211072004', '0022057705', '2024-08-13', 5, '-'),
(10, 20241, '2211072006', '0022057705', '2024-08-13', 5, '-'),
(11, 20241, '2211071010', '0022057705', '2024-08-13', 5, '-'),
(12, 20241, '2211073005', '0022057705', '2024-08-13', 5, '-'),
(13, 20241, '2211072003', '0022057705', '2024-08-14', 5, '-'),
(14, 20241, '2211073003', '0022057705', '2024-08-14', 5, '-'),
(15, 20241, '2211072009', '0022057705', '2024-08-14', 5, '-'),
(16, 20241, '2211073004', '0022057705', '2024-08-14', 5, '-'),
(17, 20241, '2211073002', '0022057705', '2024-08-14', 5, '-'),
(18, 20241, '2211073010', '0022057705', '2024-08-14', 5, '-'),
(19, 20241, '2211071008', '0022057705', '2024-08-14', 5, '-'),
(20, 20241, '2211071005', '0022057705', '2024-08-15', 5, '-'),
(21, 20241, '2211073007', '0022057705', '2024-08-16', 5, '-'),
(22, 20241, '2211073006', '0022057705', '2024-08-16', 5, '-'),
(23, 20241, '2211071006', '0022057705', '2024-08-16', 5, '-'),
(24, 20241, '2211072007', '0022057705', '2024-08-16', 5, '-'),
(25, 20241, '2211072001', '0022057705', '2024-08-20', 5, '-'),
(26, 20241, '2211071003', '0022057705', '2024-08-30', 5, '-'),
(27, 20241, '2211071011', '0018069304', '2024-08-09', 5, '-'),
(28, 20241, '2211071012', '0018069304', '2024-08-09', 5, '-'),
(29, 20241, '2211071013', '0018069304', '2024-08-14', 5, '-'),
(30, 20241, '2211071014', '0018069304', '2024-08-16', 5, '-'),
(31, 20241, '2211071015', '0018069304', '2024-08-16', 5, '-'),
(32, 20241, '2211071016', '0018069304', '2024-08-09', 5, '-'),
(33, 20241, '2211072010', '0018069304', '2024-08-09', 5, '-'),
(34, 20241, '2211072012', '0018069304', '2024-08-15', 5, '-'),
(35, 20241, '2211072014', '0018069304', '2024-08-15', 5, '-'),
(36, 20241, '2211072015', '0018069304', '2024-08-09', 5, '-'),
(37, 20241, '2211072016', '0018069304', '2024-08-16', 5, '-'),
(38, 20241, '2211072017', '0018069304', '2024-08-15', 5, '-'),
(39, 20241, '2211072019', '0018069304', '2024-08-13', 5, '-'),
(40, 20241, '2211072022', '0018069304', '2024-08-16', 5, '-'),
(41, 20241, '2211073012', '0018069304', '2024-08-15', 5, '-'),
(42, 20241, '2211073013', '0018069304', '2024-08-13', 5, '-'),
(43, 20241, '2211073014', '0018069304', '2024-08-16', 5, '-'),
(44, 20241, '2211073015', '0018069304', '2024-08-14', 5, '-'),
(45, 20241, '2211073017', '0018069304', '2024-08-16', 5, '-'),
(46, 20241, '2211073018', '0018069304', '2024-08-14', 5, '-'),
(47, 20241, '2211073019', '0018069304', '2024-08-13', 5, '-'),
(48, 20241, '2211073025', '0018069304', '2024-08-09', 5, '-'),
(49, 20241, '2211073026', '0018069304', '2024-08-09', 5, '-'),
(50, 20241, '2211073028', '0018069304', '2024-08-09', 5, '-'),
(51, 20241, '2211073030', '0018069304', '2024-08-09', 5, '-'),
(52, 20241, '2211073023', '0011097202', '2024-08-09', 5, '-'),
(53, 20241, '2211073024', '0011097202', '2024-08-09', 5, '-'),
(54, 20241, '2211072025', '0011097202', '2024-08-09', 5, '-'),
(55, 20241, '2211071022', '0011097202', '2024-08-09', 5, '-'),
(56, 20241, '2211073027', '0011097202', '2024-08-09', 5, '-'),
(57, 20241, '2211072027', '0011097202', '2024-08-09', 5, '-'),
(58, 20241, '2211073031', '0011097202', '2024-08-09', 5, '-'),
(59, 20241, '2211071017', '0011097202', '2024-08-09', 5, '-'),
(60, 20241, '2211072030', '0011097202', '2024-08-09', 5, '-'),
(61, 20241, '2211071019', '0011097202', '2024-08-09', 5, '-'),
(62, 20241, '2211072024', '0011097202', '2024-08-09', 5, '-'),
(63, 20241, '2211073033', '0011097202', '2024-08-09', 5, '-'),
(64, 20241, '2211071020', '0011097202', '2024-08-09', 5, '-'),
(65, 20241, '2211073034', '0011097202', '2024-08-09', 5, '-'),
(66, 20241, '2211072021', '0011097202', '2024-08-13', 5, '-'),
(67, 20241, '2111071006', '0011097202', '2024-08-14', 5, '-'),
(68, 20241, '2211073020', '0011097202', '2024-08-14', 5, '-'),
(69, 20241, '2211073022', '0011097202', '2024-08-14', 5, '-'),
(70, 20241, '2211072018', '0011097202', '2024-08-15', 5, '-'),
(71, 20241, '2211072023', '0011097202', '2024-08-15', 5, '-'),
(72, 20241, '2211072028', '0011097202', '2024-08-15', 5, '-'),
(73, 20241, '2211071023', '0011097202', '2024-08-16', 5, '-'),
(74, 20241, '2211073035', '0011097202', '2024-08-16', 5, '-'),
(75, 20241, '2211071021', '0011097202', '2024-08-28', 5, '-'),
(76, 20241, '2211073032', '0011097202', '2024-08-28', 5, '-'),
(77, 20241, '2211073011', '0011097202', '2024-08-28', 5, '-'),
(78, 20241, '2211071018', '0011097202', '2024-08-28', 5, '-');

-- --------------------------------------------------------

--
-- Struktur dari tabel `krs_khs`
--

CREATE TABLE `krs_khs` (
  `khsId` int(11) NOT NULL,
  `khsKrsId` int(11) NOT NULL DEFAULT 0,
  `khsMkId` int(11) NOT NULL DEFAULT 0,
  `khsKodeNilai` varchar(3) DEFAULT NULL,
  `khsBobotNilai` decimal(4,2) NOT NULL DEFAULT 0.00
) ENGINE=InnoDB DEFAULT CHARSET=latin1 COLLATE=latin1_swedish_ci;

--
-- Dumping data untuk tabel `krs_khs`
--

INSERT INTO `krs_khs` (`khsId`, `khsKrsId`, `khsMkId`, `khsKodeNilai`, `khsBobotNilai`) VALUES
(1, 3, 8, NULL, 0.00),
(2, 3, 9, NULL, 0.00),
(3, 3, 10, NULL, 0.00),
(4, 3, 11, NULL, 0.00),
(5, 3, 12, NULL, 0.00),
(6, 3, 13, NULL, 0.00),
(7, 3, 14, NULL, 0.00),
(8, 3, 15, NULL, 0.00),
(9, 4, 8, NULL, 0.00),
(10, 4, 9, NULL, 0.00),
(11, 4, 10, NULL, 0.00),
(12, 4, 11, NULL, 0.00),
(13, 4, 12, NULL, 0.00),
(14, 4, 13, NULL, 0.00),
(15, 4, 14, NULL, 0.00),
(16, 4, 15, NULL, 0.00),
(17, 6, 8, NULL, 0.00),
(18, 6, 9, NULL, 0.00),
(19, 6, 10, NULL, 0.00),
(20, 6, 11, NULL, 0.00),
(21, 6, 12, NULL, 0.00),
(22, 6, 13, NULL, 0.00),
(23, 6, 14, NULL, 0.00),
(24, 6, 15, NULL, 0.00),
(25, 20, 8, NULL, 0.00),
(26, 20, 9, NULL, 0.00),
(27, 20, 10, NULL, 0.00),
(28, 20, 11, NULL, 0.00),
(29, 20, 12, NULL, 0.00),
(30, 20, 13, NULL, 0.00),
(31, 20, 14, NULL, 0.00),
(32, 20, 15, NULL, 0.00),
(33, 23, 8, NULL, 0.00),
(34, 23, 9, NULL, 0.00),
(35, 23, 10, NULL, 0.00),
(36, 23, 11, NULL, 0.00),
(37, 23, 12, NULL, 0.00),
(38, 23, 13, NULL, 0.00),
(39, 23, 14, NULL, 0.00),
(40, 23, 15, NULL, 0.00),
(41, 19, 8, NULL, 0.00),
(42, 19, 9, NULL, 0.00),
(43, 19, 10, NULL, 0.00),
(44, 19, 11, NULL, 0.00),
(45, 19, 12, NULL, 0.00),
(46, 19, 13, NULL, 0.00),
(47, 19, 14, NULL, 0.00),
(48, 19, 15, NULL, 0.00),
(49, 11, 8, NULL, 0.00),
(50, 11, 9, NULL, 0.00),
(51, 11, 10, NULL, 0.00),
(52, 11, 11, NULL, 0.00),
(53, 11, 12, NULL, 0.00),
(54, 11, 13, NULL, 0.00),
(55, 11, 14, NULL, 0.00),
(56, 11, 15, NULL, 0.00),
(57, 1, 8, NULL, 0.00),
(58, 1, 9, NULL, 0.00),
(59, 1, 10, NULL, 0.00),
(60, 1, 11, NULL, 0.00),
(61, 1, 12, NULL, 0.00),
(62, 1, 13, NULL, 0.00),
(63, 1, 14, NULL, 0.00),
(64, 1, 15, NULL, 0.00),
(65, 13, 8, NULL, 0.00),
(66, 13, 9, NULL, 0.00),
(67, 13, 10, NULL, 0.00),
(68, 13, 11, NULL, 0.00),
(69, 13, 12, NULL, 0.00),
(70, 13, 13, NULL, 0.00),
(71, 13, 14, NULL, 0.00),
(72, 13, 15, NULL, 0.00),
(73, 9, 8, NULL, 0.00),
(74, 9, 9, NULL, 0.00),
(75, 9, 10, NULL, 0.00),
(76, 9, 11, NULL, 0.00),
(77, 9, 12, NULL, 0.00),
(78, 9, 13, NULL, 0.00),
(79, 9, 14, NULL, 0.00),
(80, 9, 15, NULL, 0.00),
(81, 10, 8, NULL, 0.00),
(82, 10, 9, NULL, 0.00),
(83, 10, 10, NULL, 0.00),
(84, 10, 11, NULL, 0.00),
(85, 10, 12, NULL, 0.00),
(86, 10, 13, NULL, 0.00),
(87, 10, 14, NULL, 0.00),
(88, 10, 15, NULL, 0.00),
(89, 24, 8, NULL, 0.00),
(90, 24, 9, NULL, 0.00),
(91, 24, 10, NULL, 0.00),
(92, 24, 11, NULL, 0.00),
(93, 24, 12, NULL, 0.00),
(94, 24, 13, NULL, 0.00),
(95, 24, 14, NULL, 0.00),
(96, 24, 15, NULL, 0.00),
(97, 15, 8, NULL, 0.00),
(98, 15, 9, NULL, 0.00),
(99, 15, 10, NULL, 0.00),
(100, 15, 11, NULL, 0.00),
(101, 15, 12, NULL, 0.00),
(102, 15, 13, NULL, 0.00),
(103, 15, 14, NULL, 0.00),
(104, 15, 15, NULL, 0.00),
(105, 5, 8, NULL, 0.00),
(106, 5, 9, NULL, 0.00),
(107, 5, 10, NULL, 0.00),
(108, 5, 11, NULL, 0.00),
(109, 5, 12, NULL, 0.00),
(110, 5, 13, NULL, 0.00),
(111, 5, 14, NULL, 0.00),
(112, 5, 15, NULL, 0.00),
(113, 2, 8, NULL, 0.00),
(114, 2, 9, NULL, 0.00),
(115, 2, 10, NULL, 0.00),
(116, 2, 11, NULL, 0.00),
(117, 2, 12, NULL, 0.00),
(118, 2, 13, NULL, 0.00),
(119, 2, 14, NULL, 0.00),
(120, 2, 15, NULL, 0.00),
(121, 17, 8, NULL, 0.00),
(122, 17, 9, NULL, 0.00),
(123, 17, 10, NULL, 0.00),
(124, 17, 11, NULL, 0.00),
(125, 17, 12, NULL, 0.00),
(126, 17, 13, NULL, 0.00),
(127, 17, 14, NULL, 0.00),
(128, 17, 15, NULL, 0.00),
(129, 14, 8, NULL, 0.00),
(130, 14, 9, NULL, 0.00),
(131, 14, 10, NULL, 0.00),
(132, 14, 11, NULL, 0.00),
(133, 14, 12, NULL, 0.00),
(134, 14, 13, NULL, 0.00),
(135, 14, 14, NULL, 0.00),
(136, 14, 15, NULL, 0.00),
(137, 16, 8, NULL, 0.00),
(138, 16, 9, NULL, 0.00),
(139, 16, 10, NULL, 0.00),
(140, 16, 11, NULL, 0.00),
(141, 16, 12, NULL, 0.00),
(142, 16, 13, NULL, 0.00),
(143, 16, 14, NULL, 0.00),
(144, 16, 15, NULL, 0.00),
(145, 12, 8, NULL, 0.00),
(146, 12, 9, NULL, 0.00),
(147, 12, 10, NULL, 0.00),
(148, 12, 11, NULL, 0.00),
(149, 12, 12, NULL, 0.00),
(150, 12, 13, NULL, 0.00),
(151, 12, 14, NULL, 0.00),
(152, 12, 15, NULL, 0.00),
(153, 22, 8, NULL, 0.00),
(154, 22, 9, NULL, 0.00),
(155, 22, 10, NULL, 0.00),
(156, 22, 11, NULL, 0.00),
(157, 22, 12, NULL, 0.00),
(158, 22, 13, NULL, 0.00),
(159, 22, 14, NULL, 0.00),
(160, 22, 15, NULL, 0.00),
(161, 21, 8, NULL, 0.00),
(162, 21, 9, NULL, 0.00),
(163, 21, 10, NULL, 0.00),
(164, 21, 11, NULL, 0.00),
(165, 21, 12, NULL, 0.00),
(166, 21, 13, NULL, 0.00),
(167, 21, 14, NULL, 0.00),
(168, 21, 15, NULL, 0.00),
(169, 8, 8, NULL, 0.00),
(170, 8, 9, NULL, 0.00),
(171, 8, 10, NULL, 0.00),
(172, 8, 11, NULL, 0.00),
(173, 8, 12, NULL, 0.00),
(174, 8, 13, NULL, 0.00),
(175, 8, 14, NULL, 0.00),
(176, 8, 15, NULL, 0.00),
(177, 18, 8, NULL, 0.00),
(178, 18, 9, NULL, 0.00),
(179, 18, 10, NULL, 0.00),
(180, 18, 11, NULL, 0.00),
(181, 18, 12, NULL, 0.00),
(182, 18, 13, NULL, 0.00),
(183, 18, 14, NULL, 0.00),
(184, 18, 15, NULL, 0.00),
(185, 7, 8, NULL, 0.00),
(186, 7, 9, NULL, 0.00),
(187, 7, 10, NULL, 0.00),
(188, 7, 11, NULL, 0.00),
(189, 7, 12, NULL, 0.00),
(190, 7, 13, NULL, 0.00),
(191, 7, 14, NULL, 0.00),
(192, 7, 15, NULL, 0.00),
(193, 25, 8, NULL, 0.00),
(194, 25, 9, NULL, 0.00),
(195, 25, 10, NULL, 0.00),
(196, 25, 11, NULL, 0.00),
(197, 25, 12, NULL, 0.00),
(198, 25, 13, NULL, 0.00),
(199, 25, 14, NULL, 0.00),
(200, 25, 15, NULL, 0.00),
(201, 26, 8, NULL, 0.00),
(202, 26, 9, NULL, 0.00),
(203, 26, 10, NULL, 0.00),
(204, 26, 11, NULL, 0.00),
(205, 26, 12, NULL, 0.00),
(206, 26, 13, NULL, 0.00),
(207, 26, 14, NULL, 0.00),
(208, 26, 15, NULL, 0.00),
(209, 27, 8, NULL, 0.00),
(210, 27, 9, NULL, 0.00),
(211, 27, 10, NULL, 0.00),
(212, 27, 11, NULL, 0.00),
(213, 27, 12, NULL, 0.00),
(214, 27, 13, NULL, 0.00),
(215, 27, 14, NULL, 0.00),
(216, 27, 15, NULL, 0.00),
(217, 28, 8, NULL, 0.00),
(218, 28, 9, NULL, 0.00),
(219, 28, 10, NULL, 0.00),
(220, 28, 11, NULL, 0.00),
(221, 28, 12, NULL, 0.00),
(222, 28, 13, NULL, 0.00),
(223, 28, 14, NULL, 0.00),
(224, 28, 15, NULL, 0.00),
(225, 29, 8, NULL, 0.00),
(226, 29, 9, NULL, 0.00),
(227, 29, 10, NULL, 0.00),
(228, 29, 11, NULL, 0.00),
(229, 29, 12, NULL, 0.00),
(230, 29, 13, NULL, 0.00),
(231, 29, 14, NULL, 0.00),
(232, 29, 15, NULL, 0.00),
(233, 30, 8, NULL, 0.00),
(234, 30, 9, NULL, 0.00),
(235, 30, 10, NULL, 0.00),
(236, 30, 11, NULL, 0.00),
(237, 30, 12, NULL, 0.00),
(238, 30, 13, NULL, 0.00),
(239, 30, 14, NULL, 0.00),
(240, 30, 15, NULL, 0.00),
(241, 31, 8, NULL, 0.00),
(242, 31, 9, NULL, 0.00),
(243, 31, 10, NULL, 0.00),
(244, 31, 11, NULL, 0.00),
(245, 31, 12, NULL, 0.00),
(246, 31, 13, NULL, 0.00),
(247, 31, 14, NULL, 0.00),
(248, 31, 15, NULL, 0.00),
(249, 32, 8, NULL, 0.00),
(250, 32, 9, NULL, 0.00),
(251, 32, 10, NULL, 0.00),
(252, 32, 11, NULL, 0.00),
(253, 32, 12, NULL, 0.00),
(254, 32, 13, NULL, 0.00),
(255, 32, 14, NULL, 0.00),
(256, 32, 15, NULL, 0.00),
(257, 33, 8, NULL, 0.00),
(258, 33, 9, NULL, 0.00),
(259, 33, 10, NULL, 0.00),
(260, 33, 11, NULL, 0.00),
(261, 33, 12, NULL, 0.00),
(262, 33, 13, NULL, 0.00),
(263, 33, 14, NULL, 0.00),
(264, 33, 15, NULL, 0.00),
(265, 34, 8, NULL, 0.00),
(266, 34, 9, NULL, 0.00),
(267, 34, 10, NULL, 0.00),
(268, 34, 11, NULL, 0.00),
(269, 34, 12, NULL, 0.00),
(270, 34, 13, NULL, 0.00),
(271, 34, 14, NULL, 0.00),
(272, 34, 15, NULL, 0.00),
(273, 35, 8, NULL, 0.00),
(274, 35, 9, NULL, 0.00),
(275, 35, 10, NULL, 0.00),
(276, 35, 11, NULL, 0.00),
(277, 35, 12, NULL, 0.00),
(278, 35, 13, NULL, 0.00),
(279, 35, 14, NULL, 0.00),
(280, 35, 15, NULL, 0.00),
(281, 36, 8, NULL, 0.00),
(282, 36, 9, NULL, 0.00),
(283, 36, 10, NULL, 0.00),
(284, 36, 11, NULL, 0.00),
(285, 36, 12, NULL, 0.00),
(286, 36, 13, NULL, 0.00),
(287, 36, 14, NULL, 0.00),
(288, 36, 15, NULL, 0.00),
(289, 37, 8, NULL, 0.00),
(290, 37, 9, NULL, 0.00),
(291, 37, 10, NULL, 0.00),
(292, 37, 11, NULL, 0.00),
(293, 37, 12, NULL, 0.00),
(294, 37, 13, NULL, 0.00),
(295, 37, 14, NULL, 0.00),
(296, 37, 15, NULL, 0.00),
(297, 38, 8, NULL, 0.00),
(298, 38, 9, NULL, 0.00),
(299, 38, 10, NULL, 0.00),
(300, 38, 11, NULL, 0.00),
(301, 38, 12, NULL, 0.00),
(302, 38, 13, NULL, 0.00),
(303, 38, 14, NULL, 0.00),
(304, 38, 15, NULL, 0.00),
(305, 39, 8, NULL, 0.00),
(306, 39, 9, NULL, 0.00),
(307, 39, 10, NULL, 0.00),
(308, 39, 11, NULL, 0.00),
(309, 39, 12, NULL, 0.00),
(310, 39, 13, NULL, 0.00),
(311, 39, 14, NULL, 0.00),
(312, 39, 15, NULL, 0.00),
(313, 40, 8, NULL, 0.00),
(314, 40, 9, NULL, 0.00),
(315, 40, 10, NULL, 0.00),
(316, 40, 11, NULL, 0.00),
(317, 40, 12, NULL, 0.00),
(318, 40, 13, NULL, 0.00),
(319, 40, 14, NULL, 0.00),
(320, 40, 15, NULL, 0.00),
(321, 41, 8, NULL, 0.00),
(322, 41, 9, NULL, 0.00),
(323, 41, 10, NULL, 0.00),
(324, 41, 11, NULL, 0.00),
(325, 41, 12, NULL, 0.00),
(326, 41, 13, NULL, 0.00),
(327, 41, 14, NULL, 0.00),
(328, 41, 15, NULL, 0.00),
(329, 42, 8, NULL, 0.00),
(330, 42, 9, NULL, 0.00),
(331, 42, 10, NULL, 0.00),
(332, 42, 11, NULL, 0.00),
(333, 42, 12, NULL, 0.00),
(334, 42, 13, NULL, 0.00),
(335, 42, 14, NULL, 0.00),
(336, 42, 15, NULL, 0.00),
(337, 43, 8, NULL, 0.00),
(338, 43, 9, NULL, 0.00),
(339, 43, 10, NULL, 0.00),
(340, 43, 11, NULL, 0.00),
(341, 43, 12, NULL, 0.00),
(342, 43, 13, NULL, 0.00),
(343, 43, 14, NULL, 0.00),
(344, 43, 15, NULL, 0.00),
(345, 44, 8, NULL, 0.00),
(346, 44, 9, NULL, 0.00),
(347, 44, 10, NULL, 0.00),
(348, 44, 11, NULL, 0.00),
(349, 44, 12, NULL, 0.00),
(350, 44, 13, NULL, 0.00),
(351, 44, 14, NULL, 0.00),
(352, 44, 15, NULL, 0.00),
(353, 45, 8, NULL, 0.00),
(354, 45, 9, NULL, 0.00),
(355, 45, 10, NULL, 0.00),
(356, 45, 11, NULL, 0.00),
(357, 45, 12, NULL, 0.00),
(358, 45, 13, NULL, 0.00),
(359, 45, 14, NULL, 0.00),
(360, 45, 15, NULL, 0.00),
(361, 46, 8, NULL, 0.00),
(362, 46, 9, NULL, 0.00),
(363, 46, 10, NULL, 0.00),
(364, 46, 11, NULL, 0.00),
(365, 46, 12, NULL, 0.00),
(366, 46, 13, NULL, 0.00),
(367, 46, 14, NULL, 0.00),
(368, 46, 15, NULL, 0.00),
(369, 47, 8, NULL, 0.00),
(370, 47, 9, NULL, 0.00),
(371, 47, 10, NULL, 0.00),
(372, 47, 11, NULL, 0.00),
(373, 47, 12, NULL, 0.00),
(374, 47, 13, NULL, 0.00),
(375, 47, 14, NULL, 0.00),
(376, 47, 15, NULL, 0.00),
(377, 48, 8, NULL, 0.00),
(378, 48, 9, NULL, 0.00),
(379, 48, 10, NULL, 0.00),
(380, 48, 11, NULL, 0.00),
(381, 48, 12, NULL, 0.00),
(382, 48, 13, NULL, 0.00),
(383, 48, 14, NULL, 0.00),
(384, 48, 15, NULL, 0.00),
(385, 49, 8, NULL, 0.00),
(386, 49, 9, NULL, 0.00),
(387, 49, 10, NULL, 0.00),
(388, 49, 11, NULL, 0.00),
(389, 49, 12, NULL, 0.00),
(390, 49, 13, NULL, 0.00),
(391, 49, 14, NULL, 0.00),
(392, 49, 15, NULL, 0.00),
(393, 50, 8, NULL, 0.00),
(394, 50, 9, NULL, 0.00),
(395, 50, 10, NULL, 0.00),
(396, 50, 11, NULL, 0.00),
(397, 50, 12, NULL, 0.00),
(398, 50, 13, NULL, 0.00),
(399, 50, 14, NULL, 0.00),
(400, 50, 15, NULL, 0.00),
(401, 51, 8, NULL, 0.00),
(402, 51, 9, NULL, 0.00),
(403, 51, 10, NULL, 0.00),
(404, 51, 11, NULL, 0.00),
(405, 51, 12, NULL, 0.00),
(406, 51, 13, NULL, 0.00),
(407, 51, 14, NULL, 0.00),
(408, 51, 15, NULL, 0.00),
(409, 67, 8, NULL, 0.00),
(410, 67, 9, NULL, 0.00),
(411, 67, 10, NULL, 0.00),
(412, 67, 11, NULL, 0.00),
(413, 67, 12, NULL, 0.00),
(414, 67, 13, NULL, 0.00),
(415, 67, 14, NULL, 0.00),
(416, 67, 15, NULL, 0.00),
(417, 59, 8, NULL, 0.00),
(418, 59, 9, NULL, 0.00),
(419, 59, 10, NULL, 0.00),
(420, 59, 11, NULL, 0.00),
(421, 59, 12, NULL, 0.00),
(422, 59, 13, NULL, 0.00),
(423, 59, 14, NULL, 0.00),
(424, 59, 15, NULL, 0.00),
(425, 61, 8, NULL, 0.00),
(426, 61, 9, NULL, 0.00),
(427, 61, 10, NULL, 0.00),
(428, 61, 11, NULL, 0.00),
(429, 61, 12, NULL, 0.00),
(430, 61, 13, NULL, 0.00),
(431, 61, 14, NULL, 0.00),
(432, 61, 15, NULL, 0.00),
(433, 64, 8, NULL, 0.00),
(434, 64, 9, NULL, 0.00),
(435, 64, 10, NULL, 0.00),
(436, 64, 11, NULL, 0.00),
(437, 64, 12, NULL, 0.00),
(438, 64, 13, NULL, 0.00),
(439, 64, 14, NULL, 0.00),
(440, 64, 15, NULL, 0.00),
(441, 55, 8, NULL, 0.00),
(442, 55, 9, NULL, 0.00),
(443, 55, 10, NULL, 0.00),
(444, 55, 11, NULL, 0.00),
(445, 55, 12, NULL, 0.00),
(446, 55, 13, NULL, 0.00),
(447, 55, 14, NULL, 0.00),
(448, 55, 15, NULL, 0.00),
(449, 73, 8, NULL, 0.00),
(450, 73, 9, NULL, 0.00),
(451, 73, 10, NULL, 0.00),
(452, 73, 11, NULL, 0.00),
(453, 73, 12, NULL, 0.00),
(454, 73, 13, NULL, 0.00),
(455, 73, 14, NULL, 0.00),
(456, 73, 15, NULL, 0.00),
(457, 70, 8, NULL, 0.00),
(458, 70, 9, NULL, 0.00),
(459, 70, 10, NULL, 0.00),
(460, 70, 11, NULL, 0.00),
(461, 70, 12, NULL, 0.00),
(462, 70, 13, NULL, 0.00),
(463, 70, 14, NULL, 0.00),
(464, 70, 15, NULL, 0.00),
(465, 66, 8, NULL, 0.00),
(466, 66, 9, NULL, 0.00),
(467, 66, 10, NULL, 0.00),
(468, 66, 11, NULL, 0.00),
(469, 66, 12, NULL, 0.00),
(470, 66, 13, NULL, 0.00),
(471, 66, 14, NULL, 0.00),
(472, 66, 15, NULL, 0.00),
(473, 71, 8, NULL, 0.00),
(474, 71, 9, NULL, 0.00),
(475, 71, 10, NULL, 0.00),
(476, 71, 11, NULL, 0.00),
(477, 71, 12, NULL, 0.00),
(478, 71, 13, NULL, 0.00),
(479, 71, 14, NULL, 0.00),
(480, 71, 15, NULL, 0.00),
(481, 62, 8, NULL, 0.00),
(482, 62, 9, NULL, 0.00),
(483, 62, 10, NULL, 0.00),
(484, 62, 11, NULL, 0.00),
(485, 62, 12, NULL, 0.00),
(486, 62, 13, NULL, 0.00),
(487, 62, 14, NULL, 0.00),
(488, 62, 15, NULL, 0.00),
(489, 54, 8, NULL, 0.00),
(490, 54, 9, NULL, 0.00),
(491, 54, 10, NULL, 0.00),
(492, 54, 11, NULL, 0.00),
(493, 54, 12, NULL, 0.00),
(494, 54, 13, NULL, 0.00),
(495, 54, 14, NULL, 0.00),
(496, 54, 15, NULL, 0.00),
(497, 57, 8, NULL, 0.00),
(498, 57, 9, NULL, 0.00),
(499, 57, 10, NULL, 0.00),
(500, 57, 11, NULL, 0.00),
(501, 57, 12, NULL, 0.00),
(502, 57, 13, NULL, 0.00),
(503, 57, 14, NULL, 0.00),
(504, 57, 15, NULL, 0.00),
(505, 72, 8, NULL, 0.00),
(506, 72, 9, NULL, 0.00),
(507, 72, 10, NULL, 0.00),
(508, 72, 11, NULL, 0.00),
(509, 72, 12, NULL, 0.00),
(510, 72, 13, NULL, 0.00),
(511, 72, 14, NULL, 0.00),
(512, 72, 15, NULL, 0.00),
(513, 60, 8, NULL, 0.00),
(514, 60, 9, NULL, 0.00),
(515, 60, 10, NULL, 0.00),
(516, 60, 11, NULL, 0.00),
(517, 60, 12, NULL, 0.00),
(518, 60, 13, NULL, 0.00),
(519, 60, 14, NULL, 0.00),
(520, 60, 15, NULL, 0.00),
(521, 68, 8, NULL, 0.00),
(522, 68, 9, NULL, 0.00),
(523, 68, 10, NULL, 0.00),
(524, 68, 11, NULL, 0.00),
(525, 68, 12, NULL, 0.00),
(526, 68, 13, NULL, 0.00),
(527, 68, 14, NULL, 0.00),
(528, 68, 15, NULL, 0.00),
(529, 69, 8, NULL, 0.00),
(530, 69, 9, NULL, 0.00),
(531, 69, 10, NULL, 0.00),
(532, 69, 11, NULL, 0.00),
(533, 69, 12, NULL, 0.00),
(534, 69, 13, NULL, 0.00),
(535, 69, 14, NULL, 0.00),
(536, 69, 15, NULL, 0.00),
(537, 52, 8, NULL, 0.00),
(538, 52, 9, NULL, 0.00),
(539, 52, 10, NULL, 0.00),
(540, 52, 11, NULL, 0.00),
(541, 52, 12, NULL, 0.00),
(542, 52, 13, NULL, 0.00),
(543, 52, 14, NULL, 0.00),
(544, 52, 15, NULL, 0.00),
(545, 53, 8, NULL, 0.00),
(546, 53, 9, NULL, 0.00),
(547, 53, 10, NULL, 0.00),
(548, 53, 11, NULL, 0.00),
(549, 53, 12, NULL, 0.00),
(550, 53, 13, NULL, 0.00),
(551, 53, 14, NULL, 0.00),
(552, 53, 15, NULL, 0.00),
(553, 56, 8, NULL, 0.00),
(554, 56, 9, NULL, 0.00),
(555, 56, 10, NULL, 0.00),
(556, 56, 11, NULL, 0.00),
(557, 56, 12, NULL, 0.00),
(558, 56, 13, NULL, 0.00),
(559, 56, 14, NULL, 0.00),
(560, 56, 15, NULL, 0.00),
(561, 58, 8, NULL, 0.00),
(562, 58, 9, NULL, 0.00),
(563, 58, 10, NULL, 0.00),
(564, 58, 11, NULL, 0.00),
(565, 58, 12, NULL, 0.00),
(566, 58, 13, NULL, 0.00),
(567, 58, 14, NULL, 0.00),
(568, 58, 15, NULL, 0.00),
(569, 63, 8, NULL, 0.00),
(570, 63, 9, NULL, 0.00),
(571, 63, 10, NULL, 0.00),
(572, 63, 11, NULL, 0.00),
(573, 63, 12, NULL, 0.00),
(574, 63, 13, NULL, 0.00),
(575, 63, 14, NULL, 0.00),
(576, 63, 15, NULL, 0.00),
(577, 65, 8, NULL, 0.00),
(578, 65, 9, NULL, 0.00),
(579, 65, 10, NULL, 0.00),
(580, 65, 11, NULL, 0.00),
(581, 65, 12, NULL, 0.00),
(582, 65, 13, NULL, 0.00),
(583, 65, 14, NULL, 0.00),
(584, 65, 15, NULL, 0.00),
(585, 74, 8, NULL, 0.00),
(586, 74, 9, NULL, 0.00),
(587, 74, 10, NULL, 0.00),
(588, 74, 11, NULL, 0.00),
(589, 74, 12, NULL, 0.00),
(590, 74, 13, NULL, 0.00),
(591, 74, 14, NULL, 0.00),
(592, 74, 15, NULL, 0.00),
(593, 78, 8, NULL, 0.00),
(594, 78, 9, NULL, 0.00),
(595, 78, 10, NULL, 0.00),
(596, 78, 11, NULL, 0.00),
(597, 78, 12, NULL, 0.00),
(598, 78, 13, NULL, 0.00),
(599, 78, 14, NULL, 0.00),
(600, 78, 15, NULL, 0.00),
(601, 77, 8, NULL, 0.00),
(602, 77, 9, NULL, 0.00),
(603, 77, 10, NULL, 0.00),
(604, 77, 11, NULL, 0.00),
(605, 77, 12, NULL, 0.00),
(606, 77, 13, NULL, 0.00),
(607, 77, 14, NULL, 0.00),
(608, 77, 15, NULL, 0.00),
(609, 75, 8, NULL, 0.00),
(610, 75, 9, NULL, 0.00),
(611, 75, 10, NULL, 0.00),
(612, 75, 11, NULL, 0.00),
(613, 75, 12, NULL, 0.00),
(614, 75, 13, NULL, 0.00),
(615, 75, 14, NULL, 0.00),
(616, 75, 15, NULL, 0.00),
(617, 76, 8, NULL, 0.00),
(618, 76, 9, NULL, 0.00),
(619, 76, 10, NULL, 0.00),
(620, 76, 11, NULL, 0.00),
(621, 76, 12, NULL, 0.00),
(622, 76, 13, NULL, 0.00),
(623, 76, 14, NULL, 0.00),
(624, 76, 15, NULL, 0.00);

-- --------------------------------------------------------

--
-- Struktur dari tabel `kurikulum`
--

CREATE TABLE `kurikulum` (
  `kurId` int(11) NOT NULL,
  `kurProdiId` smallint(6) DEFAULT NULL,
  `kurTahun` year(4) NOT NULL DEFAULT 0000,
  `kurNama` varchar(100) NOT NULL DEFAULT '',
  `kurIsAktif` tinyint(4) DEFAULT 1
) ENGINE=InnoDB DEFAULT CHARSET=latin1 COLLATE=latin1_swedish_ci;

--
-- Dumping data untuk tabel `kurikulum`
--

INSERT INTO `kurikulum` (`kurId`, `kurProdiId`, `kurTahun`, `kurNama`, `kurIsAktif`) VALUES
(1, 7, '2013', 'Kurikulum 2013', 1),
(2, 7, '2022', 'Kurikulum 2022', 1);

-- --------------------------------------------------------

--
-- Struktur dari tabel `mahasiswa`
--

CREATE TABLE `mahasiswa` (
  `mhsNim` varchar(10) NOT NULL DEFAULT '',
  `mhsNama` varchar(50) NOT NULL DEFAULT '',
  `mhsTempatLahir` varchar(50) DEFAULT NULL,
  `mhsTglLahir` date DEFAULT NULL,
  `mhsJenisKelamin` enum('L','P') DEFAULT 'L',
  `mhsJurId` smallint(6) DEFAULT NULL,
  `mhsProdiId` smallint(6) DEFAULT NULL,
  `mhsKodeKelas` enum('A','B','C','D') DEFAULT 'A',
  `mhsStsAkademik` enum('A','L','C','D','K','M') DEFAULT 'A',
  `mhsSmsAktif` tinyint(4) DEFAULT 0,
  `mhsFoto` varchar(50) DEFAULT NULL
) ENGINE=InnoDB DEFAULT CHARSET=latin1 COLLATE=latin1_swedish_ci;

--
-- Dumping data untuk tabel `mahasiswa`
--

INSERT INTO `mahasiswa` (`mhsNim`, `mhsNama`, `mhsTempatLahir`, `mhsTglLahir`, `mhsJenisKelamin`, `mhsJurId`, `mhsProdiId`, `mhsKodeKelas`, `mhsStsAkademik`, `mhsSmsAktif`, `mhsFoto`) VALUES
('2111071006', 'Ferdiansyah', 'Pariaman', '2003-07-29', 'L', 3, 7, 'C', 'A', 5, '2111071006.jpg'),
('2211071001', 'Cindy Juniarti', 'Sikapak', '2004-06-16', 'P', 3, 7, 'A', 'A', 5, '2211071001.jpg'),
('2211071002', 'Dhuha Rais', 'Padang', '2003-08-30', 'L', 3, 7, 'A', 'A', 5, '2211071002.jpg'),
('2211071003', 'Dinda Kurnia Illahi', 'None', '2003-01-01', 'P', 3, 7, 'A', 'A', 5, '2211071003.jpg'),
('2211071004', 'Erin Aulia Rahma', 'Koto Tuo', '2002-11-13', 'P', 3, 7, 'A', 'A', 5, '2211071004.jpg'),
('2211071005', 'Ervin Nawal Andra', 'Lohong', '2004-11-21', 'L', 3, 7, 'A', 'A', 5, '2211071005.jpg'),
('2211071006', 'Fikri Adi Pratama', 'Padang', '2004-01-24', 'L', 3, 7, 'A', 'A', 5, '2211071006.jpg'),
('2211071008', 'Iqbal Rizantha', 'Sri Bintan', '2004-03-11', 'L', 3, 7, 'A', 'A', 5, '2211071008.jpg'),
('2211071010', 'M. Aqil Hisyam Akbar', 'Pekan Baru', '2004-05-03', 'L', 3, 7, 'A', 'A', 5, '2211071010.jpg'),
('2211071011', 'M. Aqsha Aqrizal', 'Lubuk Nyiur', '2003-01-22', 'L', 3, 7, 'B', 'A', 5, '2211071011.jpg'),
('2211071012', 'M. Rizky Irawan', 'Dumai', '2003-01-06', 'L', 3, 7, 'B', 'A', 5, '2211071012.jpg'),
('2211071013', 'Maulana Alfarizi', 'Jambi', '2005-01-15', 'L', 3, 7, 'B', 'A', 5, '2211071013.jpg'),
('2211071014', 'Mhd. Yadil Ulya', 'Balai Rupih', '2004-02-26', 'L', 3, 7, 'B', 'A', 5, '2211071014.jpg'),
('2211071015', 'Muhammad Zaki', 'Padang', '2004-06-08', 'L', 3, 7, 'B', 'A', 5, '2211071015.jpg'),
('2211071016', 'Nisa Rahima Sakinah', 'Padang', '2004-04-27', 'P', 3, 7, 'B', 'A', 5, '2211071016.jpg'),
('2211071017', 'Revandi Jeanifar', 'Pekanbaru', '2004-01-25', 'L', 3, 7, 'C', 'A', 5, '2211071017.jpg'),
('2211071018', 'Rezi Apandi Sitompul', 'Persanggarahan', '2004-01-05', 'L', 3, 7, 'C', 'A', 5, '2211071018.jpg'),
('2211071019', 'Shintia Destrianita', 'Lubuk Linggau', '2003-12-03', 'P', 3, 7, 'C', 'A', 5, '2211071019.jpg'),
('2211071020', 'Taura Ramadhani', 'Perawang', '2003-11-10', 'P', 3, 7, 'C', 'A', 5, '2211071020.jpg'),
('2211071021', 'Wisra Yandi', 'Ampang Gadang', '2004-04-12', 'L', 3, 7, 'C', 'A', 5, '2211071021.jpg'),
('2211071022', 'Ilhamdi', 'Padang', '2003-09-10', 'L', 3, 7, 'C', 'A', 5, '2211071022.jpg'),
('2211071023', 'Rio Agus Saputra', 'Talu', '2002-08-30', 'L', 3, 7, 'C', 'A', 5, '2211071023.jpg'),
('2211072001', 'Adinda Aliya Maharani', 'Padang', '2005-03-15', 'P', 3, 7, 'A', 'A', 5, '2211072001.jpg'),
('2211072002', 'Aisyah Vianda Putri', 'Asam Kumbang', '2003-04-14', 'P', 3, 7, 'A', 'A', 5, '2211072002.jpg'),
('2211072003', 'Alfhadila', 'Padang', '2004-01-12', 'L', 3, 7, 'A', 'A', 5, '2211072003.jpg'),
('2211072004', 'Aliyah Arniz Nagia', 'Padang', '2004-05-15', 'P', 3, 7, 'A', 'A', 5, '2211072004.jpg'),
('2211072006', 'Ashilah Khairunnisa Putri', 'Padang', '2004-05-16', 'P', 3, 7, 'A', 'A', 5, '2211072006.jpg'),
('2211072007', 'Budi Mulia', 'Bukittinggi', '2003-10-29', 'L', 3, 7, 'A', 'A', 5, '2211072007.jpg'),
('2211072009', 'Danda Maritsyah Putra', 'Jalan Balantai', '2004-03-20', 'L', 3, 7, 'A', 'A', 5, '2211072009.jpg'),
('2211072010', 'Dian Indah Lestari', 'Padang Tongga', '2003-10-29', 'P', 3, 7, 'B', 'A', 5, '2211072010.jpg'),
('2211072011', 'Dipal Irpandi', 'Sungai Geringging', '2003-09-19', 'L', 3, 7, 'A', 'A', 5, '2211072011.jpg'),
('2211072012', 'Fawwaz Zahran', 'Padang', '2004-04-07', 'L', 3, 7, 'B', 'A', 5, '2211072012.jpg'),
('2211072014', 'Lin Fitri Alif Aisyah', 'Dharmasraya', '2001-12-16', 'P', 3, 7, 'B', 'A', 5, '2211072014.jpg'),
('2211072015', 'Aidil Safitra', 'Padang Panjang', '2002-02-16', 'L', 3, 7, 'B', 'A', 5, '2211072015.jpg'),
('2211072016', 'Muhammad Aulia Zaki', 'Lubuk Basung', '2004-05-06', 'L', 3, 7, 'B', 'A', 5, '2211072016.jpg'),
('2211072017', 'Muhammad Nur Fadly', 'Batam', '2003-07-12', 'L', 3, 7, 'B', 'A', 5, '2211072017.jpg'),
('2211072018', 'Najip Nesta', 'Padang', '2004-06-10', 'L', 3, 7, 'C', 'A', 5, '2211072018.jpg'),
('2211072019', 'Najla Raiqah Luthfiah', 'Padang', '2004-03-03', 'P', 3, 7, 'B', 'A', 5, '2211072019.jpg'),
('2211072021', 'Nurwahid Fil Qodri', 'Koto Alam', '2004-01-06', 'L', 3, 7, 'C', 'A', 5, '2211072021.jpg'),
('2211072022', 'Rindu Zulhimi Qolbu', 'Padang', '2004-02-10', 'P', 3, 7, 'B', 'A', 5, '2211072022.jpg'),
('2211072023', 'Shalma Zopi Habibah', 'Lubuk Anau', '2004-12-01', 'P', 3, 7, 'C', 'A', 5, '2211072023.jpg'),
('2211072024', 'Siti Aisyah Aliyah', 'Padang', '2005-01-18', 'P', 3, 7, 'C', 'A', 5, '2211072024.jpg'),
('2211072025', 'Dani Adzmi', 'Padang', '2003-12-06', 'L', 3, 7, 'C', 'A', 5, '2211072025.jpg'),
('2211072027', 'Mutiara Muthmainnah Nasution', 'Padang', '2002-05-17', 'P', 3, 7, 'C', 'A', 5, '2211072027.jpg'),
('2211072028', 'Nabil Fajri', 'Sikapak', '2004-09-10', 'L', 3, 7, 'C', 'A', 5, '2211072028.jpg'),
('2211072030', 'Salsa Bila', 'Sungai Penuh', '2004-03-13', 'P', 3, 7, 'C', 'A', 5, '2211072030.jpg'),
('2211073001', 'Alif Bintang Al Ikhlas', 'Solok', '2003-05-22', 'L', 3, 7, 'A', 'A', 5, '2211073001.jpg'),
('2211073002', 'Evan Adicandra', 'Jakarta', '2004-08-28', 'L', 3, 7, 'A', 'A', 5, '2211073002.jpg'),
('2211073003', 'Miftahul Hamdi', 'Padang', '2004-08-02', 'L', 3, 7, 'A', 'A', 5, '2211073003.jpg'),
('2211073004', 'Muhammad Erlangga', 'Padang', '2004-05-05', 'L', 3, 7, 'A', 'A', 5, '2211073004.jpg'),
('2211073005', 'Muhammad Yudis Afriansyah Saputra', 'Kabupaten Kudus', '2003-07-14', 'L', 3, 7, 'A', 'A', 5, '2211073005.jpg'),
('2211073006', 'Ramanda Grace Aulia', 'Batusangkar', '2003-12-23', 'P', 3, 7, 'A', 'A', 5, '2211073006.jpg'),
('2211073007', 'Wendra Satria Utama', 'Sontang', '2004-04-16', 'L', 3, 7, 'A', 'A', 5, '2211073007.jpg'),
('2211073009', 'Viony Monica', 'Padang', '2004-06-04', 'P', 3, 7, 'A', 'A', 5, '2211073009.jpg'),
('2211073010', 'Yola Febrilla', 'Padang', '2004-02-09', 'P', 3, 7, 'A', 'A', 5, '2211073010.jpg'),
('2211073011', 'Afif Ainur Rafiq', 'Bukittinggi', '2004-07-05', 'L', 3, 7, 'C', 'A', 5, '2211073011.jpg'),
('2211073012', 'Ariq Muzakki', 'Pariaman', '2004-05-14', 'L', 3, 7, 'B', 'A', 5, '2211073012.jpg'),
('2211073013', 'Khoirul Yazid', 'Bengkolan Dua', '2003-09-12', 'L', 3, 7, 'B', 'A', 5, '2211073013.jpg'),
('2211073014', 'M. Affandi', 'Perawang', '2003-08-12', 'L', 3, 7, 'B', 'A', 5, '2211073014.jpg'),
('2211073015', 'M. Ravi Setiawan P.C', 'Jakarta', '2003-04-23', 'L', 3, 7, 'B', 'A', 5, '2211073015.jpg'),
('2211073017', 'Muhammad Rafif', 'Padang', '2003-08-01', 'L', 3, 7, 'B', 'A', 5, '2211073017.jpg'),
('2211073018', 'Raihan Riyon Pratama', 'Bukittinggi', '2002-10-05', 'L', 3, 7, 'B', 'A', 5, '2211073018.jpg'),
('2211073019', 'Rama Ihya Ulumuddin', 'Kayu Jao', '2002-12-03', 'L', 3, 7, 'B', 'A', 5, '2211073019.jpg'),
('2211073020', 'Sultha Redysa', 'Padang', '2004-09-20', 'L', 3, 7, 'C', 'A', 5, '2211073020.jpg'),
('2211073021', 'Tsabitah Hanum', 'Gaung', '2005-01-29', 'P', 3, 7, 'A', 'A', 5, '2211073021.jpg'),
('2211073022', 'Zahra Haiva Meydina', 'Ampalu Tinggi', '2003-05-12', 'P', 3, 7, 'C', 'A', 5, '2211073022.jpg'),
('2211073023', 'Andhika Fachrurriadi', 'Yogyakarta', '2003-07-15', 'L', 3, 7, 'C', 'A', 5, '2211073023.jpg'),
('2211073024', 'Andika Putra', 'Bogor', '2003-10-20', 'L', 3, 7, 'C', 'A', 5, '2211073024.jpg'),
('2211073025', 'Maya Dwi Anita', 'Balai Tangah', '2004-05-02', 'P', 3, 7, 'B', 'A', 5, '2211073025.jpg'),
('2211073026', 'Meidina Agnesia', 'Kampung Tangah Ganting', '2004-05-25', 'P', 3, 7, 'B', 'A', 5, '2211073026.jpg'),
('2211073027', 'Muhamad Ilham', 'Padang', '2001-10-21', 'L', 3, 7, 'C', 'A', 5, '2211073027.jpg'),
('2211073028', 'Naia Az - Zahra', 'Padang', '2004-06-19', 'P', 3, 7, 'B', 'A', 5, '2211073028.jpg'),
('2211073030', 'Putri Aulia Rahmi', 'Koto Tuo', '2003-03-29', 'P', 3, 7, 'B', 'A', 5, '2211073030.jpg'),
('2211073031', 'Ranik Jintan', 'Koto Taratak', '2004-10-03', 'P', 3, 7, 'C', 'A', 5, '2211073031.jpg'),
('2211073032', 'Riska Andini', 'Padang Panjang', '2003-08-13', 'P', 3, 7, 'C', 'A', 5, '2211073032.jpg'),
('2211073033', 'Sri Mailani', 'Padang', '2004-05-14', 'P', 3, 7, 'C', 'A', 5, '2211073033.jpg'),
('2211073034', 'Tri Sukma Afani', 'Padang', '2004-03-28', 'P', 3, 7, 'C', 'A', 5, '2211073034.jpg'),
('2211073035', 'Wildan Zahky', 'Payakumbuh', '2003-09-26', 'L', 3, 7, 'C', 'A', 5, '2211073035.jpg');

-- --------------------------------------------------------

--
-- Struktur dari tabel `matakuliah`
--

CREATE TABLE `matakuliah` (
  `mkId` int(11) NOT NULL,
  `mkKurId` int(11) DEFAULT NULL,
  `mkKode` varchar(20) NOT NULL DEFAULT '',
  `mkNama` varchar(100) NOT NULL DEFAULT '',
  `mkNamaAsing` varchar(100) DEFAULT NULL,
  `mkSemester` tinyint(4) DEFAULT NULL,
  `mkSks` tinyint(4) NOT NULL DEFAULT 0,
  `mkIsAktif` tinyint(4) DEFAULT 1
) ENGINE=InnoDB DEFAULT CHARSET=latin1 COLLATE=latin1_swedish_ci;

--
-- Dumping data untuk tabel `matakuliah`
--

INSERT INTO `matakuliah` (`mkId`, `mkKurId`, `mkKode`, `mkNama`, `mkNamaAsing`, `mkSemester`, `mkSks`, `mkIsAktif`) VALUES
(1, 2, 'TCE4106', 'Bahasa  Inggris 2 ', '', 4, 2, 1),
(2, 2, 'TCE4218', 'Rangkaian Elektronika Telekomunikasi', '', 4, 3, 1),
(3, 2, 'TCE4219', 'Teori dan Perancangan Antena', '', 4, 2, 1),
(4, 2, 'TCE4220', 'Sistem Komunikasi Serat Optik', '', 4, 4, 1),
(5, 2, 'TCE4223', 'Jaringan Radio Akses ', '', 4, 4, 1),
(6, 2, 'TCE4229', 'Jaringan Komputer', '', 4, 3, 1),
(7, 2, 'TCE4232', 'Sistem Tertanam', '', 4, 3, 1),
(8, 2, 'TCE4107', 'Bahasa Inggris 3', '', 5, 2, 1),
(9, 2, 'TCE4221', 'Aplikasi Pengolahan Sinyal', '', 5, 3, 1),
(10, 2, 'TCE4224', 'Rekayasa Frekuensi Radio', '', 5, 4, 1),
(11, 2, 'TCE4225', 'Manajemen Telekomunikasi ', '', 5, 2, 1),
(12, 2, 'TCE4230', 'Komunikasi Data', '', 5, 3, 1),
(13, 2, 'TCE4231', 'Teknik Penyambungan ', '', 5, 3, 1),
(14, 2, 'TCE4234', 'Pemrograman Internet', '', 5, 2, 1),
(15, 2, 'TCE4307', 'Metoda Penelitian dan Penulisan Ilmiah', '', 5, 2, 1);

-- --------------------------------------------------------

--
-- Struktur dari tabel `program_studi`
--

CREATE TABLE `program_studi` (
  `prodiId` smallint(6) NOT NULL,
  `prodiJurId` smallint(6) DEFAULT NULL,
  `prodiKode` varchar(20) DEFAULT NULL,
  `prodiNama` varchar(100) NOT NULL DEFAULT '',
  `prodiNamaAsing` varchar(100) DEFAULT NULL,
  `prodiJenjang` varchar(10) DEFAULT NULL,
  `prodiEmail` varchar(50) DEFAULT NULL,
  `prodiWebsite` varchar(50) DEFAULT NULL,
  `prodiIsAktif` tinyint(4) DEFAULT 1
) ENGINE=InnoDB DEFAULT CHARSET=latin1 COLLATE=latin1_swedish_ci;

--
-- Dumping data untuk tabel `program_studi`
--

INSERT INTO `program_studi` (`prodiId`, `prodiJurId`, `prodiKode`, `prodiNama`, `prodiNamaAsing`, `prodiJenjang`, `prodiEmail`, `prodiWebsite`, `prodiIsAktif`) VALUES
(1, 3, '4EC', 'Teknik Elektronika', 'Electronics Engineering', 'D-4', 'ec@polinpdg.ac.id', 'http://ec.polinpdg.ac.id', 1),
(2, 2, '4TPIR', 'Teknik Perencanaan Irigasi dan Rawa', 'Irrigation Planning and Lowland Engineering', 'D-4', 'sp@polinpdg.ac.id', 'http://sp.polinpdg.ac.id', 1),
(3, 1, '4TMAN', 'Teknik Manufaktur', 'Manufacturing Engineering', 'D-4', 'me@polinpdg.ac.id', 'http://me.polinpdg.ac.id', 1),
(4, 2, '4PJJ', 'Perancangan Jalan dan Jembatan', 'Road and Bridge Design', 'D-4', 'sp@polinpdg.ac.id', 'http://sp.polinpdg.ac.id', 1),
(5, 2, '4MRK', 'Manajemen Rekayasa Konstruksi', 'Construction Engineering Management', 'D-4', 'sp@polinpdg.ac.id', 'http://sp.polinpdg.ac.id', 1),
(6, 3, '4TRIL', 'Teknologi Rekayasa Instalasi Listrik', 'Electrical Installation Engineering', 'D-4', 'tril@pnp.ac.id', '', 1),
(7, 3, '4TC', 'Teknik Telekomunikasi', 'Telecommunication Engineering', 'D-4', 'tc@polinpdg.ac.id', 'http://tc.polinpdg.ac.id', 1),
(8, 1, '4RPM', 'Rekayasa Perancangan Mekanik', '', 'D-4', '', '', 1),
(9, 1, '3ME', 'Teknik Mesin', 'Mechanical Engineering', 'D-3', 'me@polinpdg.ac.id', 'http://me.polinpdg.ac.id', 1),
(10, 2, '3SP', 'Teknik Sipil', 'Civil Engineering', 'D-3', 'sp@polinpdg.ac.id', 'http://sp.polinpdg.ac.id', 1),
(11, 3, '3EL', 'Teknik Listrik', 'Electrical Engineering', 'D-3', 'el@polinpdg.ac.id', 'http://el.polinpdg.ac.id', 1),
(12, 3, '3EC', 'Teknik Elektronika', 'Electronics Engineering', 'D-3', 'ec@polinpdg.ac.id', 'http://ec.polinpdg.ac.id', 1),
(13, 3, '3TC', 'Teknik Telekomunikasi', 'Telecommunication Engineering', 'D-3', 'tc@polinpdg.ac.id', 'http://tc.polinpdg.ac.id', 1),
(14, 1, '3TAB', 'Teknik Alat Berat', 'Heavy Equipment Engineering', 'D-3', 'tab@polinpdg.ac.id', 'http://me.polinpdg.ac.id', 1),
(15, 2, '3TS-TD', 'Teknologi Sipil', 'Civil Techonology', 'D-3', 'sp@polinpdg.ac.id', 'http://sp.polinpdg.ac.id', 1),
(16, 3, '3TL-P', 'Teknik Listrik', 'Electrical Engineering', 'D-3', 'el@polinpdg.ac.id', 'http://el.polinpdg.ac.id', 1),
(17, 7, '3BI', 'Bahasa Inggris', 'English', 'D-3', 'bi@polinpdg.ac.id', 'http://bi.polinpdg.ac.id', 1);

-- --------------------------------------------------------

--
-- Struktur dari tabel `tahun_akademik`
--

CREATE TABLE `tahun_akademik` (
  `thakdId` smallint(6) NOT NULL DEFAULT 0,
  `thakdTahun` year(4) NOT NULL DEFAULT 0000,
  `thakdSemester` enum('1','2') NOT NULL DEFAULT '1',
  `thakdTglMulai` date DEFAULT NULL,
  `thakdTglSelesai` date DEFAULT NULL,
  `thakdIsAktif` tinyint(4) NOT NULL DEFAULT 1
) ENGINE=InnoDB DEFAULT CHARSET=latin1 COLLATE=latin1_swedish_ci;

--
-- Dumping data untuk tabel `tahun_akademik`
--

INSERT INTO `tahun_akademik` (`thakdId`, `thakdTahun`, `thakdSemester`, `thakdTglMulai`, `thakdTglSelesai`, `thakdIsAktif`) VALUES
(20232, '2023', '2', '2024-02-19', '2024-07-20', 0),
(20241, '2024', '1', '2024-08-19', '2025-01-06', 1);

-- --------------------------------------------------------

--
-- Struktur dari tabel `user`
--

CREATE TABLE `user` (
  `appusrID` int(50) UNSIGNED NOT NULL,
  `appusrNama` varchar(50) DEFAULT NULL,
  `appusrPassword` varchar(50) DEFAULT NULL,
  `appusrGrupUser` varchar(50) DEFAULT NULL,
  `appusrNoHp` varchar(20) DEFAULT NULL,
  `appusrIsEnabled` tinyint(3) UNSIGNED NOT NULL DEFAULT 0
) ENGINE=InnoDB DEFAULT CHARSET=latin1 COLLATE=latin1_swedish_ci;

--
-- Dumping data untuk tabel `user`
--

INSERT INTO `user` (`appusrID`, `appusrNama`, `appusrPassword`, `appusrGrupUser`, `appusrNoHp`, `appusrIsEnabled`) VALUES
(1, 'Risqa', '1234', NULL, NULL, 0),
(2, 'putri', '123', 'user', NULL, 1),
(4, 'hanifa', '123', 'user', NULL, 1),
(5, 'putrii', '123', 'user', NULL, 1),
(6, 'jule', '123', 'user', NULL, 1),
(7, '2311072029', '123', NULL, NULL, 1),
(8, 'admin', '123', 'user', NULL, 1);

--
-- Indexes for dumped tables
--

--
-- Indeks untuk tabel `dosen`
--
ALTER TABLE `dosen`
  ADD PRIMARY KEY (`dsnNidn`),
  ADD KEY `dsnJurId_fk` (`dsnJurId`),
  ADD KEY `dsnProdiId_fk` (`dsnProdiId`);

--
-- Indeks untuk tabel `jurusan`
--
ALTER TABLE `jurusan`
  ADD PRIMARY KEY (`jurId`);

--
-- Indeks untuk tabel `kelas`
--
ALTER TABLE `kelas`
  ADD PRIMARY KEY (`klsId`),
  ADD UNIQUE KEY `klsUID` (`klsThakdId`,`klsProdiId`,`klsNama`),
  ADD KEY `klsProdiId_fk` (`klsProdiId`);

--
-- Indeks untuk tabel `kelas_dosen`
--
ALTER TABLE `kelas_dosen`
  ADD PRIMARY KEY (`klsdsnId`),
  ADD UNIQUE KEY `klsdsnUID` (`klsdsnKlsId`,`klsdsnDsnNidn`,`klsdsnMkId`),
  ADD KEY `klsdsnDsnNidn_fk` (`klsdsnDsnNidn`),
  ADD KEY `klsdsnMkId_fk` (`klsdsnMkId`);

--
-- Indeks untuk tabel `kelas_mahasiswa`
--
ALTER TABLE `kelas_mahasiswa`
  ADD PRIMARY KEY (`klsmhsId`),
  ADD UNIQUE KEY `klsmhsUID` (`klsmhsKlsId`,`klsmhsMhsNim`),
  ADD KEY `klsmhsMhsNim_fk` (`klsmhsMhsNim`);

--
-- Indeks untuk tabel `kelas_matakuliah`
--
ALTER TABLE `kelas_matakuliah`
  ADD PRIMARY KEY (`klsmkId`),
  ADD UNIQUE KEY `klsmkUID` (`klsmkKlsId`,`klsmkMkId`),
  ADD KEY `klsmkMkId_fk` (`klsmkMkId`);

--
-- Indeks untuk tabel `krs`
--
ALTER TABLE `krs`
  ADD PRIMARY KEY (`krsId`),
  ADD UNIQUE KEY `krsUID` (`krsThakdId`,`krsMhsNim`),
  ADD KEY `krsMhsNim_fk` (`krsMhsNim`),
  ADD KEY `krsPADsnNidn_fk` (`krsPADsnNidn`);

--
-- Indeks untuk tabel `krs_khs`
--
ALTER TABLE `krs_khs`
  ADD PRIMARY KEY (`khsId`),
  ADD UNIQUE KEY `khsUID` (`khsKrsId`,`khsMkId`),
  ADD KEY `khsMkId_fk` (`khsMkId`);

--
-- Indeks untuk tabel `kurikulum`
--
ALTER TABLE `kurikulum`
  ADD PRIMARY KEY (`kurId`),
  ADD KEY `kurProdiId_fk` (`kurProdiId`);

--
-- Indeks untuk tabel `mahasiswa`
--
ALTER TABLE `mahasiswa`
  ADD PRIMARY KEY (`mhsNim`),
  ADD KEY `mhsJurId_fk` (`mhsJurId`),
  ADD KEY `mhsProdiId_fk` (`mhsProdiId`);

--
-- Indeks untuk tabel `matakuliah`
--
ALTER TABLE `matakuliah`
  ADD PRIMARY KEY (`mkId`),
  ADD UNIQUE KEY `mkUniqueKey` (`mkKurId`,`mkKode`);

--
-- Indeks untuk tabel `program_studi`
--
ALTER TABLE `program_studi`
  ADD PRIMARY KEY (`prodiId`),
  ADD KEY `prodiJurId_fk` (`prodiJurId`);

--
-- Indeks untuk tabel `tahun_akademik`
--
ALTER TABLE `tahun_akademik`
  ADD PRIMARY KEY (`thakdId`);

--
-- Indeks untuk tabel `user`
--
ALTER TABLE `user`
  ADD PRIMARY KEY (`appusrID`);

--
-- AUTO_INCREMENT untuk tabel yang dibuang
--

--
-- AUTO_INCREMENT untuk tabel `jurusan`
--
ALTER TABLE `jurusan`
  MODIFY `jurId` smallint(6) NOT NULL AUTO_INCREMENT, AUTO_INCREMENT=8;

--
-- AUTO_INCREMENT untuk tabel `kelas`
--
ALTER TABLE `kelas`
  MODIFY `klsId` int(11) NOT NULL AUTO_INCREMENT, AUTO_INCREMENT=4;

--
-- AUTO_INCREMENT untuk tabel `kelas_dosen`
--
ALTER TABLE `kelas_dosen`
  MODIFY `klsdsnId` int(11) NOT NULL AUTO_INCREMENT, AUTO_INCREMENT=37;

--
-- AUTO_INCREMENT untuk tabel `kelas_mahasiswa`
--
ALTER TABLE `kelas_mahasiswa`
  MODIFY `klsmhsId` int(11) NOT NULL AUTO_INCREMENT, AUTO_INCREMENT=79;

--
-- AUTO_INCREMENT untuk tabel `kelas_matakuliah`
--
ALTER TABLE `kelas_matakuliah`
  MODIFY `klsmkId` int(11) NOT NULL AUTO_INCREMENT, AUTO_INCREMENT=25;

--
-- AUTO_INCREMENT untuk tabel `krs`
--
ALTER TABLE `krs`
  MODIFY `krsId` int(11) NOT NULL AUTO_INCREMENT, AUTO_INCREMENT=79;

--
-- AUTO_INCREMENT untuk tabel `krs_khs`
--
ALTER TABLE `krs_khs`
  MODIFY `khsId` int(11) NOT NULL AUTO_INCREMENT, AUTO_INCREMENT=625;

--
-- AUTO_INCREMENT untuk tabel `kurikulum`
--
ALTER TABLE `kurikulum`
  MODIFY `kurId` int(11) NOT NULL AUTO_INCREMENT, AUTO_INCREMENT=3;

--
-- AUTO_INCREMENT untuk tabel `matakuliah`
--
ALTER TABLE `matakuliah`
  MODIFY `mkId` int(11) NOT NULL AUTO_INCREMENT, AUTO_INCREMENT=16;

--
-- AUTO_INCREMENT untuk tabel `program_studi`
--
ALTER TABLE `program_studi`
  MODIFY `prodiId` smallint(6) NOT NULL AUTO_INCREMENT, AUTO_INCREMENT=18;

--
-- AUTO_INCREMENT untuk tabel `user`
--
ALTER TABLE `user`
  MODIFY `appusrID` int(50) UNSIGNED NOT NULL AUTO_INCREMENT, AUTO_INCREMENT=9;

--
-- Ketidakleluasaan untuk tabel pelimpahan (Dumped Tables)
--

--
-- Ketidakleluasaan untuk tabel `dosen`
--
ALTER TABLE `dosen`
  ADD CONSTRAINT `dsnJurId_fk` FOREIGN KEY (`dsnJurId`) REFERENCES `jurusan` (`jurId`) ON UPDATE CASCADE,
  ADD CONSTRAINT `dsnProdiId_fk` FOREIGN KEY (`dsnProdiId`) REFERENCES `program_studi` (`prodiId`) ON UPDATE CASCADE;

--
-- Ketidakleluasaan untuk tabel `kelas`
--
ALTER TABLE `kelas`
  ADD CONSTRAINT `klsProdiId_fk` FOREIGN KEY (`klsProdiId`) REFERENCES `program_studi` (`prodiId`) ON UPDATE CASCADE,
  ADD CONSTRAINT `klsThakdId_fk` FOREIGN KEY (`klsThakdId`) REFERENCES `tahun_akademik` (`thakdId`) ON UPDATE CASCADE;

--
-- Ketidakleluasaan untuk tabel `kelas_dosen`
--
ALTER TABLE `kelas_dosen`
  ADD CONSTRAINT `klsdsnDsnNidn_fk` FOREIGN KEY (`klsdsnDsnNidn`) REFERENCES `dosen` (`dsnNidn`) ON UPDATE CASCADE,
  ADD CONSTRAINT `klsdsnKlsId_fk` FOREIGN KEY (`klsdsnKlsId`) REFERENCES `kelas` (`klsId`) ON UPDATE CASCADE,
  ADD CONSTRAINT `klsdsnMkId_fk` FOREIGN KEY (`klsdsnMkId`) REFERENCES `matakuliah` (`mkId`) ON UPDATE CASCADE;

--
-- Ketidakleluasaan untuk tabel `kelas_mahasiswa`
--
ALTER TABLE `kelas_mahasiswa`
  ADD CONSTRAINT `klsmhsKlsId_fk` FOREIGN KEY (`klsmhsKlsId`) REFERENCES `kelas` (`klsId`) ON UPDATE CASCADE,
  ADD CONSTRAINT `klsmhsMhsNim_fk` FOREIGN KEY (`klsmhsMhsNim`) REFERENCES `mahasiswa` (`mhsNim`) ON UPDATE CASCADE;

--
-- Ketidakleluasaan untuk tabel `kelas_matakuliah`
--
ALTER TABLE `kelas_matakuliah`
  ADD CONSTRAINT `klsmkKlsId_fk` FOREIGN KEY (`klsmkKlsId`) REFERENCES `kelas` (`klsId`) ON UPDATE CASCADE,
  ADD CONSTRAINT `klsmkMkId_fk` FOREIGN KEY (`klsmkMkId`) REFERENCES `matakuliah` (`mkId`) ON UPDATE CASCADE;

--
-- Ketidakleluasaan untuk tabel `krs`
--
ALTER TABLE `krs`
  ADD CONSTRAINT `krsMhsNim_fk` FOREIGN KEY (`krsMhsNim`) REFERENCES `mahasiswa` (`mhsNim`) ON UPDATE CASCADE,
  ADD CONSTRAINT `krsPADsnNidn_fk` FOREIGN KEY (`krsPADsnNidn`) REFERENCES `dosen` (`dsnNidn`) ON UPDATE CASCADE,
  ADD CONSTRAINT `krsThakdId_fk` FOREIGN KEY (`krsThakdId`) REFERENCES `tahun_akademik` (`thakdId`) ON UPDATE CASCADE;

--
-- Ketidakleluasaan untuk tabel `krs_khs`
--
ALTER TABLE `krs_khs`
  ADD CONSTRAINT `khsKrsId_fk` FOREIGN KEY (`khsKrsId`) REFERENCES `krs` (`krsId`) ON UPDATE CASCADE,
  ADD CONSTRAINT `khsMkId_fk` FOREIGN KEY (`khsMkId`) REFERENCES `matakuliah` (`mkId`) ON UPDATE CASCADE;

--
-- Ketidakleluasaan untuk tabel `kurikulum`
--
ALTER TABLE `kurikulum`
  ADD CONSTRAINT `kurProdiId_fk` FOREIGN KEY (`kurProdiId`) REFERENCES `program_studi` (`prodiId`) ON UPDATE CASCADE;

--
-- Ketidakleluasaan untuk tabel `mahasiswa`
--
ALTER TABLE `mahasiswa`
  ADD CONSTRAINT `mhsJurId_fk` FOREIGN KEY (`mhsJurId`) REFERENCES `jurusan` (`jurId`) ON UPDATE CASCADE,
  ADD CONSTRAINT `mhsProdiId_fk` FOREIGN KEY (`mhsProdiId`) REFERENCES `program_studi` (`prodiId`) ON UPDATE CASCADE;

--
-- Ketidakleluasaan untuk tabel `matakuliah`
--
ALTER TABLE `matakuliah`
  ADD CONSTRAINT `mkKurId_fk` FOREIGN KEY (`mkKurId`) REFERENCES `kurikulum` (`kurId`) ON UPDATE CASCADE;

--
-- Ketidakleluasaan untuk tabel `program_studi`
--
ALTER TABLE `program_studi`
  ADD CONSTRAINT `prodiJurId_fk` FOREIGN KEY (`prodiJurId`) REFERENCES `jurusan` (`jurId`) ON UPDATE CASCADE;
COMMIT;

/*!40101 SET CHARACTER_SET_CLIENT=@OLD_CHARACTER_SET_CLIENT */;
/*!40101 SET CHARACTER_SET_RESULTS=@OLD_CHARACTER_SET_RESULTS */;
/*!40101 SET COLLATION_CONNECTION=@OLD_COLLATION_CONNECTION */;
